source,severity,cve,package
"only:grype","Medium","CVE-2005-2541","tar"
"only:grype","Low","CVE-2017-6519","avahi-libs"
"only:grype","Low","CVE-2020-12413","nspr"
"only:grype","Low","CVE-2020-12413","nss"
"only:grype","Low","CVE-2020-12413","nss-softokn"
"only:grype","Low","CVE-2020-12413","nss-softokn-freebl"
"only:grype","Low","CVE-2020-12413","nss-sysinit"
"only:grype","Low","CVE-2020-12413","nss-util"
"only:grype","Low","CVE-2021-25317","cups-libs"
"only:grype","Low","CVE-2021-3572","python3-pip-wheel"
"only:grype","Low","CVE-2021-46195","libgcc"
"only:grype","Low","CVE-2021-46195","libstdc++"
"only:grype","Low","CVE-2022-27943","libgcc"
"only:grype","Low","CVE-2022-27943","libstdc++"
"only:grype","Low","CVE-2022-3219","gnupg2"
"only:grype","Low","CVE-2022-41409","pcre2"
"only:grype","Low","CVE-2022-41409","pcre2-syntax"
"only:grype","Medium","CVE-2023-30571","libarchive"
"only:grype","Low","CVE-2023-32636","glib2"
"only:grype","Low","CVE-2023-39804","tar"
"only:grype","Low","CVE-2023-4156","gawk"
"only:grype","Medium","CVE-2023-4504","cups-libs"
"only:grype","Low","CVE-2023-45322","libxml2"
"only:grype","Medium","CVE-2023-45803","python3-pip-wheel"
"only:grype","Low","CVE-2023-50495","ncurses-base"
"only:grype","Low","CVE-2023-50495","ncurses-libs"
"only:grype","Low","CVE-2024-0232","sqlite-libs"
"only:grype","Low","CVE-2024-11053","curl-minimal"
"only:grype","Low","CVE-2024-11053","libcurl-minimal"
"only:grype","Low","CVE-2024-13176","openssl-libs"
"only:grype","Low","CVE-2024-41996","openssl-libs"
"only:grype","Low","CVE-2024-7264","curl-minimal"
"only:grype","Low","CVE-2024-7264","libcurl-minimal"
"only:grype","Low","CVE-2024-7531","nspr"
"only:grype","Low","CVE-2024-7531","nss"
"only:grype","Low","CVE-2024-7531","nss-softokn"
"only:grype","Low","CVE-2024-7531","nss-softokn-freebl"
"only:grype","Low","CVE-2024-7531","nss-sysinit"
"only:grype","Low","CVE-2024-7531","nss-util"
"only:grype","Low","CVE-2024-9681","curl-minimal"
"only:grype","Low","CVE-2024-9681","libcurl-minimal"
"only:grype","Medium","CVE-2025-11468","python3"
"only:grype","Medium","CVE-2025-11468","python3-libs"
"only:grype","Medium","CVE-2025-12781","python3"
"only:grype","Medium","CVE-2025-12781","python3-libs"
"only:grype","Medium","CVE-2025-13034","curl-minimal"
"only:grype","Medium","CVE-2025-13034","libcurl-minimal"
"only:grype","Low","CVE-2025-13462","python3"
"only:grype","Low","CVE-2025-13462","python3-libs"
"only:grype","Medium","CVE-2025-13837","python3"
"only:grype","Medium","CVE-2025-13837","python3-libs"
"only:grype","Medium","CVE-2025-14017","curl-minimal"
"only:grype","Medium","CVE-2025-14017","libcurl-minimal"
"only:grype","Low","CVE-2025-14524","curl-minimal"
"only:grype","Low","CVE-2025-14524","libcurl-minimal"
"only:grype","Low","CVE-2025-15079","curl-minimal"
"only:grype","Low","CVE-2025-15079","libcurl-minimal"
"only:grype","Low","CVE-2025-15224","curl-minimal"
"only:grype","Low","CVE-2025-15224","libcurl-minimal"
"only:grype","Medium","CVE-2025-15282","python3"
"only:grype","Medium","CVE-2025-15282","python3-libs"
"only:grype","Low","CVE-2025-1632","libarchive"
"only:grype","Low","CVE-2025-1795","python3"
"only:grype","Low","CVE-2025-1795","python3-libs"
"only:grype","Low","CVE-2025-27113","libxml2"
"only:grype","Medium","CVE-2025-28164","java-25-openjdk-crypto-adapter"
"only:grype","Medium","CVE-2025-28164","java-25-openjdk-headless"
"only:grype","Low","CVE-2025-30258","gnupg2"
"only:grype","Low","CVE-2025-3360","glib2"
"only:grype","Medium","CVE-2025-4516","python3"
"only:grype","Medium","CVE-2025-4516","python3-libs"
"only:grype","Medium","CVE-2025-50181","python3-pip-wheel"
"only:grype","Medium","CVE-2025-50182","python3-pip-wheel"
"only:grype","Low","CVE-2025-5915","libarchive"
"only:grype","Low","CVE-2025-5916","libarchive"
"only:grype","Low","CVE-2025-5917","libarchive"
"only:grype","Low","CVE-2025-5918","libarchive"
"only:grype","Medium","CVE-2025-59529","avahi-libs"
"only:grype","Medium","CVE-2025-60753","libarchive"
"only:grype","Medium","CVE-2025-64118","tar"
"only:grype","Low","CVE-2025-66382","expat"
"only:grype","High","CVE-2025-66418","cups-libs"
"only:grype","Medium","CVE-2025-68276","avahi-libs"
"only:grype","Medium","CVE-2025-68468","avahi-libs"
"only:grype","Medium","CVE-2025-68471","avahi-libs"
"only:grype","Medium","CVE-2025-68972","gnupg2"
"only:grype","Low","CVE-2025-7039","glib2"
"only:grype","Low","CVE-2025-70873","sqlite-libs"
"only:grype","Low","CVE-2025-9232","openssl-libs"
"only:grype","Medium","CVE-2026-0672","python3"
"only:grype","Medium","CVE-2026-0672","python3-libs"
"only:grype","Medium","CVE-2026-0864","python3"
"only:grype","Medium","CVE-2026-0864","python3-libs"
"only:grype","Low","CVE-2026-0988","glib2"
"only:grype","Low","CVE-2026-0989","libxml2"
"only:grype","Medium","CVE-2026-0990","libxml2"
"only:grype","Low","CVE-2026-0992","libxml2"
"only:grype","Medium","CVE-2026-102010","libgcc"
"only:grype","Medium","CVE-2026-102010","libstdc++"
"only:grype","Medium","CVE-2026-102633","expat"
"only:grype","High","CVE-2026-103111","pcre2"
"only:grype","High","CVE-2026-103111","pcre2-syntax"
"only:grype","Medium","CVE-2026-103242","rpm"
"only:grype","Medium","CVE-2026-103242","rpm-libs"
"only:grype","Medium","CVE-2026-11850","krb5-libs"
"only:grype","Medium","CVE-2026-11856","curl-minimal"
"only:grype","Medium","CVE-2026-11856","libcurl-minimal"
"only:grype","Medium","CVE-2026-11972","python3"
"only:grype","Medium","CVE-2026-11972","python3-libs"
"only:grype","Medium","CVE-2026-12345","python3"
"only:grype","Medium","CVE-2026-12345","python3-libs"
"only:grype","Medium","CVE-2026-13346","python3-pip-wheel"
"only:grype","Medium","CVE-2026-13595","libblkid"
"only:grype","Medium","CVE-2026-13595","libmount"
"only:grype","Medium","CVE-2026-13595","libsmartcols"
"only:grype","Medium","CVE-2026-13595","libuuid"
"only:grype","Medium","CVE-2026-1484","glib2"
"only:grype","Low","CVE-2026-1485","glib2"
"only:grype","Medium","CVE-2026-1489","glib2"
"only:grype","Medium","CVE-2026-1502","python3"
"only:grype","Medium","CVE-2026-1502","python3-libs"
"only:grype","Medium","CVE-2026-15028","libarchive"
"only:grype","Medium","CVE-2026-15059","systemd-libs"
"only:grype","Medium","CVE-2026-1757","libxml2"
"only:grype","Medium","CVE-2026-18374","glibc"
"only:grype","Medium","CVE-2026-18374","glibc-common"
"only:grype","Medium","CVE-2026-18374","glibc-minimal-langpack"
"only:grype","Low","CVE-2026-18503","python3"
"only:grype","Low","CVE-2026-18503","python3-libs"
"only:grype","Low","CVE-2026-18739","popt"
"only:grype","Low","CVE-2026-18743","popt"
"only:grype","Low","CVE-2026-18839","popt"
"only:grype","Low","CVE-2026-18924","curl-minimal"
"only:grype","Low","CVE-2026-18924","libcurl-minimal"
"only:grype","Medium","CVE-2026-19542","glibc"
"only:grype","Medium","CVE-2026-19542","glibc-common"
"only:grype","Medium","CVE-2026-19542","glibc-minimal-langpack"
"only:grype","High","CVE-2026-19553","python3"
"only:grype","High","CVE-2026-19553","python3-libs"
"only:grype","Medium","CVE-2026-19672","python3"
"only:grype","Medium","CVE-2026-19672","python3-libs"
"only:grype","Medium","CVE-2026-19931","curl-minimal"
"only:grype","Medium","CVE-2026-19931","libcurl-minimal"
"only:grype","High","CVE-2026-21441","cups-libs"
"only:grype","Medium","CVE-2026-22185","openldap"
"only:grype","Medium","CVE-2026-22693","java-25-openjdk-crypto-adapter"
"only:grype","Medium","CVE-2026-22693","java-25-openjdk-headless"
"only:grype","Medium","CVE-2026-22695","java-25-openjdk-crypto-adapter"
"only:grype","Medium","CVE-2026-22695","java-25-openjdk-headless"
"only:grype","Medium","CVE-2026-22801","java-25-openjdk-crypto-adapter"
"only:grype","Medium","CVE-2026-22801","java-25-openjdk-headless"
"only:grype","Low","CVE-2026-2297","python3"
"only:grype","Low","CVE-2026-2297","python3-libs"
"only:grype","Medium","CVE-2026-24401","avahi-libs"
"only:grype","Low","CVE-2026-24515","expat"
"only:grype","Low","CVE-2026-24883","gnupg2"
"only:grype","Medium","CVE-2026-25068","alsa-lib"
"only:grype","Medium","CVE-2026-25645","python3-pip-wheel"
"only:grype","Medium","CVE-2026-2673","openssl-fips-provider"
"only:grype","Medium","CVE-2026-2673","openssl-fips-provider-so"
"only:grype","Low","CVE-2026-27171","java-25-openjdk-crypto-adapter"
"only:grype","Low","CVE-2026-27171","java-25-openjdk-headless"
"only:grype","Low","CVE-2026-27171","zlib"
"only:grype","Medium","CVE-2026-27447","cups-libs"
"only:grype","Medium","CVE-2026-27456","libblkid"
"only:grype","Medium","CVE-2026-27456","libmount"
"only:grype","Medium","CVE-2026-27456","libsmartcols"
"only:grype","Medium","CVE-2026-27456","libuuid"
"only:grype","Low","CVE-2026-28387","openssl-libs"
"only:grype","Low","CVE-2026-28388","openssl-libs"
"only:grype","Low","CVE-2026-28389","openssl-libs"
"only:grype","Low","CVE-2026-31789","openssl-libs"
"only:grype","Medium","CVE-2026-32284","python3-pip-wheel"
"only:grype","Medium","CVE-2026-3276","python3"
"only:grype","Medium","CVE-2026-3276","python3-libs"
"only:grype","Medium","CVE-2026-32776","expat"
"only:grype","Medium","CVE-2026-32777","expat"
"only:grype","Medium","CVE-2026-32778","expat"
"only:grype","Medium","CVE-2026-33056","tar"
"only:grype","Medium","CVE-2026-34743","xz-libs"
"only:grype","Medium","CVE-2026-34757","java-25-openjdk-crypto-adapter"
"only:grype","Medium","CVE-2026-34757","java-25-openjdk-headless"
"only:grype","Low","CVE-2026-3479","python3"
"only:grype","Low","CVE-2026-3479","python3-libs"
"only:grype","Medium","CVE-2026-34933","avahi-libs"
"only:grype","Medium","CVE-2026-34978","cups-libs"
"only:grype","Medium","CVE-2026-34979","cups-libs"
"only:grype","Medium","CVE-2026-34990","cups-libs"
"only:grype","Low","CVE-2026-35189","openssl-libs"
"only:grype","Low","CVE-2026-35191","openssl-libs"
"only:grype","Medium","CVE-2026-3644","python3"
"only:grype","Medium","CVE-2026-3644","python3-libs"
"only:grype","Medium","CVE-2026-3784","curl-minimal"
"only:grype","Medium","CVE-2026-3784","libcurl-minimal"
"only:grype","Medium","CVE-2026-39314","cups-libs"
"only:grype","Medium","CVE-2026-39316","cups-libs"
"only:grype","Medium","CVE-2026-40930","java-25-openjdk-crypto-adapter"
"only:grype","Medium","CVE-2026-40930","java-25-openjdk-headless"
"only:grype","Medium","CVE-2026-4105","systemd-libs"
"only:grype","Low","CVE-2026-41079","cups-libs"
"only:grype","Low","CVE-2026-41080","expat"
"only:grype","Low","CVE-2026-41990","libgcrypt"
"only:grype","Medium","CVE-2026-4224","python3"
"only:grype","Medium","CVE-2026-4224","python3-libs"
"only:grype","Medium","CVE-2026-42250","bzip2-libs"
"only:grype","Medium","CVE-2026-42308","python3"
"only:grype","Medium","CVE-2026-42308","python3-libs"
"only:grype","Low","CVE-2026-42765","openssl-libs"
"only:grype","Medium","CVE-2026-42772","openssl-libs"
"only:grype","Medium","CVE-2026-4360","python3"
"only:grype","Medium","CVE-2026-4360","python3-libs"
"only:grype","Medium","CVE-2026-4426","libarchive"
"only:grype","Low","CVE-2026-44605","rpm"
"only:grype","Low","CVE-2026-44605","rpm-libs"
"only:grype","Medium","CVE-2026-45409","python3-pip-wheel"
"only:grype","Medium","CVE-2026-4873","curl-minimal"
"only:grype","Medium","CVE-2026-4873","libcurl-minimal"
"only:grype","Medium","CVE-2026-50812","sqlite-libs"
"only:grype","High","CVE-2026-53613","libblkid"
"only:grype","High","CVE-2026-53613","libmount"
"only:grype","High","CVE-2026-53613","libsmartcols"
"only:grype","High","CVE-2026-53613","libuuid"
"only:grype","Medium","CVE-2026-53655","tar"
"only:grype","Medium","CVE-2026-54872","openssl-libs"
"only:grype","Medium","CVE-2026-54873","openssl-libs"
"only:grype","Medium","CVE-2026-54875","openssl-libs"
"only:grype","Medium","CVE-2026-5545","curl-minimal"
"only:grype","Medium","CVE-2026-5545","libcurl-minimal"
"only:grype","Medium","CVE-2026-56109","alsa-lib"
"only:grype","Medium","CVE-2026-56131","expat"
"only:grype","Medium","CVE-2026-56391","coreutils-single"
"only:grype","Medium","CVE-2026-56404","expat"
"only:grype","Medium","CVE-2026-56405","expat"
"only:grype","Medium","CVE-2026-56406","expat"
"only:grype","Medium","CVE-2026-56407","expat"
"only:grype","Medium","CVE-2026-56412","expat"
"only:grype","Low","CVE-2026-57062","gnupg2"
"only:grype","Medium","CVE-2026-5713","python3"
"only:grype","Medium","CVE-2026-5713","python3-libs"
"only:grype","Medium","CVE-2026-5745","libarchive"
"only:grype","Medium","CVE-2026-5773","curl-minimal"
"only:grype","Medium","CVE-2026-5773","libcurl-minimal"
"only:grype","Medium","CVE-2026-5958","sed"
"only:grype","Medium","CVE-2026-59871","tar"
"only:grype","Medium","CVE-2026-59875","tar"
"only:grype","Medium","CVE-2026-6019","python3"
"only:grype","Medium","CVE-2026-6019","python3-libs"
"only:grype","Medium","CVE-2026-6253","curl-minimal"
"only:grype","Medium","CVE-2026-6253","libcurl-minimal"
"only:grype","Low","CVE-2026-6276","curl-minimal"
"only:grype","Low","CVE-2026-6276","libcurl-minimal"
"only:grype","Medium","CVE-2026-6368","glibc"
"only:grype","Medium","CVE-2026-6368","glibc-common"
"only:grype","Medium","CVE-2026-6368","glibc-minimal-langpack"
"only:grype","Medium","CVE-2026-6429","curl-minimal"
"only:grype","Medium","CVE-2026-6429","libcurl-minimal"
"only:grype","Medium","CVE-2026-6791","glibc"
"only:grype","Medium","CVE-2026-6791","glibc-common"
"only:grype","Medium","CVE-2026-6791","glibc-minimal-langpack"
"only:grype","Medium","CVE-2026-7168","curl-minimal"
"only:grype","Medium","CVE-2026-7168","libcurl-minimal"
"only:grype","Medium","CVE-2026-7210","python3"
"only:grype","Medium","CVE-2026-7210","python3-libs"
"only:grype","Medium","CVE-2026-72897","openssl-libs"
"only:grype","Low","CVE-2026-75803","openssl-libs"
"only:grype","High","CVE-2026-75804","openssl-libs"
"only:grype","Medium","CVE-2026-75805","openssl-libs"
"only:grype","Medium","CVE-2026-75806","openssl-libs"
"only:grype","High","CVE-2026-76641","expat"
"only:grype","Medium","CVE-2026-76957","expat"
"only:grype","Medium","CVE-2026-77117","glibc"
"only:grype","Medium","CVE-2026-77117","glibc-common"
"only:grype","Medium","CVE-2026-77117","glibc-minimal-langpack"
"only:grype","Medium","CVE-2026-77696","openssl-libs"
"only:grype","Medium","CVE-2026-7774","python3"
"only:grype","Medium","CVE-2026-7774","python3-libs"
"only:grype","Medium","CVE-2026-78367","rpm"
"only:grype","Medium","CVE-2026-78367","rpm-libs"
"only:grype","Low","CVE-2026-80230","curl-minimal"
"only:grype","Low","CVE-2026-80230","libcurl-minimal"
"only:grype","Medium","CVE-2026-80489","glibc"
"only:grype","Medium","CVE-2026-80489","glibc-common"
"only:grype","Medium","CVE-2026-80489","glibc-minimal-langpack"
"only:grype","Low","CVE-2026-82209","curl-minimal"
"only:grype","Low","CVE-2026-82209","libcurl-minimal"
"only:grype","Medium","CVE-2026-82327","libsolv"
"only:grype","High","CVE-2026-84782","openssl-libs"
"only:grype","Medium","CVE-2026-84783","openssl-libs"
"only:grype","Medium","CVE-2026-84837","rpm"
"only:grype","Medium","CVE-2026-84837","rpm-libs"
"only:grype","High","CVE-2026-86145","pcre2"
"only:grype","High","CVE-2026-86145","pcre2-syntax"
"only:grype","Medium","CVE-2026-86469","glib2"
"only:grype","Medium","CVE-2026-8674","glibc"
"only:grype","Medium","CVE-2026-8674","glibc-common"
"only:grype","Medium","CVE-2026-8674","glibc-minimal-langpack"
"only:grype","Medium","CVE-2026-86805","glibc"
"only:grype","Medium","CVE-2026-86805","glibc-common"
"only:grype","Medium","CVE-2026-86805","glibc-minimal-langpack"
"only:grype","Medium","CVE-2026-87875","cups-libs"
"only:grype","Low","CVE-2026-87876","cups-libs"
"only:grype","Medium","CVE-2026-89092","glibc"
"only:grype","Medium","CVE-2026-89092","glibc-common"
"only:grype","Medium","CVE-2026-89092","glibc-minimal-langpack"
"only:grype","Low","CVE-2026-89156","pcre2"
"only:grype","Low","CVE-2026-89156","pcre2-syntax"
"only:grype","Medium","CVE-2026-89157","pcre2"
"only:grype","Medium","CVE-2026-89157","pcre2-syntax"
"only:grype","Medium","CVE-2026-89158","pcre2"
"only:grype","Medium","CVE-2026-89158","pcre2-syntax"
"only:grype","Low","CVE-2026-89160","pcre2"
"only:grype","Low","CVE-2026-89160","pcre2-syntax"
"only:grype","High","CVE-2026-89161","pcre2"
"only:grype","High","CVE-2026-89161","pcre2-syntax"
"only:grype","Medium","CVE-2026-8924","curl-minimal"
"only:grype","Medium","CVE-2026-8924","libcurl-minimal"
"only:grype","Medium","CVE-2026-8932","curl-minimal"
"only:grype","Medium","CVE-2026-8932","libcurl-minimal"
"only:grype","Medium","CVE-2026-90781","alsa-lib"
"only:grype","Medium","CVE-2026-9149","libsolv"
"only:grype","Medium","CVE-2026-9150","libsolv"
"only:grype","Medium","CVE-2026-95519","rpm"
"only:grype","Medium","CVE-2026-95519","rpm-libs"
"only:grype","Medium","CVE-2026-95520","rpm"
"only:grype","Medium","CVE-2026-95520","rpm-libs"
"only:grype","Medium","CVE-2026-95521","rpm"
"only:grype","Medium","CVE-2026-95521","rpm-libs"
"only:grype","Medium","CVE-2026-95619","libgcc"
"only:grype","Medium","CVE-2026-95619","libstdc++"
"only:grype","Medium","CVE-2026-95818","glibc"
"only:grype","Medium","CVE-2026-95818","glibc-common"
"only:grype","Medium","CVE-2026-95818","glibc-minimal-langpack"
"only:grype","Medium","CVE-2026-96674","alsa-lib"
"only:grype","Medium","CVE-2026-96675","alsa-lib"
"only:grype","Low","CVE-2026-97399","glibc"
"only:grype","Low","CVE-2026-97399","glibc-common"
"only:grype","Low","CVE-2026-97399","glibc-minimal-langpack"
